name,userid,password,createdOn
Kamal,1-587-848-0159,Cercepiccola,2021-07-21 20:42:25
Maite,1-318-528-5480,Talgarth,2020-09-13 12:17:14
Tate,1-578-243-5155,Nairn,2020-11-02 18:39:36
Zeph,1-464-447-6954,Nieuwenrode,2020-02-15 05:15:55
Nita,1-772-394-7031,Kapiti,2020-06-11 10:46:35
Hedy,1-123-642-8351,Harelbeke,2021-05-01 22:30:46
Emerson,1-652-867-0079,Anderlues,2021-10-06 09:57:22
Ramona,1-701-156-9291,Salzwedel,2020-08-23 23:41:00
Zelenia,1-619-294-4272,Afşin,2019-12-21 05:19:05
Dorian,1-507-328-5164,Maranello,2021-06-22 14:47:38
Brendan,1-623-749-3293,Copertino,2021-10-01 08:40:51
Azalia,1-494-932-0098,Novo Hamburgo,2021-10-04 20:38:56
Aidan,1-984-100-9174,Archennes,2020-05-23 16:12:29
Kyle,1-192-464-0284,Kapuskasing,2020-05-31 08:06:03
Edward,1-772-125-7642,Wigtown,2021-06-02 11:56:52
Velma,1-825-317-1631,Quintero,2020-07-27 08:21:39
Ignatius,1-100-412-6496,Great Yarmouth,2020-02-07 22:58:19
Rhea,1-640-721-6043,Gudivada,2021-08-04 12:06:44
Chadwick,1-239-462-4549,Pomarico,2020-10-31 23:08:48
Rina,1-546-738-6743,Yerbas Buenas,2019-12-31 05:47:17
Camden,1-439-226-3556,Durham,2020-11-10 07:35:50
Callum,1-452-594-5675,Sangju,2020-11-20 10:28:09
India,1-398-350-7281,Yemanzhelinsk,2020-09-02 11:42:57
Yoshio,1-421-100-0054,Hindeloopen,2021-02-20 00:22:40
Juliet,1-345-594-4520,Nijmegen,2021-08-21 10:31:42
Rachel,1-745-739-1420,Sivry,2021-02-07 15:56:54
Quynn,1-407-179-2757,Okara,2020-08-20 06:08:03
Nash,1-253-448-3643,Little Rock,2020-07-08 06:23:50
Castor,1-662-285-6641,Pictou,2020-03-20 15:37:08
Miranda,1-615-523-4023,Fishguard,2020-08-12 02:22:00
Laurel,1-364-895-3659,Hamme,2021-09-07 16:30:30
Barclay,1-544-140-7473,Kirkby Lonsdale,2020-12-05 01:29:27
Cruz,1-916-699-7933,Sanquhar,2020-11-02 20:17:07
Logan,1-239-507-2554,Duffel,2021-01-28 00:25:01
Vincent,1-234-312-4551,Zaventem,2020-09-27 08:22:00
Adam,1-514-507-2522,Vicuña,2021-06-25 15:47:29
Kirsten,1-302-296-6393,Rigolet,2020-09-16 04:13:09
Phillip,1-499-783-5116,Ipatinga,2021-06-21 07:54:21
Deborah,1-255-300-2820,Chesapeake,2020-12-19 23:08:11
Candice,1-562-335-3161,Tirunelveli,2020-08-24 05:41:54
Yeo,1-431-176-0795,Valkenburg aan de Geul,2021-10-04 12:02:17
Burton,1-135-512-0762,Codigoro,2019-12-12 04:29:48
Lucian,1-524-930-1744,Seilles,2020-12-08 11:49:27
Ariana,1-587-506-9489,Dehri,2020-12-19 11:33:13
Zachary,1-164-651-2585,Bossire,2021-08-10 16:35:54
Charles,1-239-855-3994,Lampa,2021-06-04 16:16:15
Lara,1-620-205-1021,Saint-Martin,2020-04-07 03:49:55
Randall,1-188-259-1281,Bhatinda,2020-04-24 06:38:39
Heather,1-716-511-1106,Livorno,2019-10-31 16:06:30
Wade,1-477-962-9207,Port Alice,2020-06-20 12:20:30
Brynne,1-385-356-9633,Paju,2019-12-26 20:28:44
Brittany,1-145-433-0374,Baie-Comeau,2020-11-04 18:50:56
Hillary,1-193-242-0796,Kawerau,2019-12-09 21:12:09
Gretchen,1-717-940-2394,Wangaratta,2021-09-13 23:28:33
Sheila,1-191-200-0940,Sant'Urbano,2021-01-14 18:40:03
Holly,1-328-344-4142,Arsiè,2021-02-18 16:16:25
Olympia,1-546-318-3562,Orilla,2020-10-05 12:38:36
Amos,1-899-271-1786,Shchyolkovo,2019-11-02 17:31:34
Jenna,1-589-515-0566,La Spezia,2021-07-11 22:41:07
Rana,1-908-308-0125,Vucht,2020-05-16 03:07:34
Aileen,1-858-163-9494,Pushchino,2020-01-26 11:21:48
Teagan,1-393-608-0648,Viernheim,2021-04-16 20:34:53
Alvin,1-453-751-7367,Manoppello,2021-09-20 10:36:08
Hunter,1-251-114-9200,Montigny-lès-Metz,2020-09-19 18:25:30
Emerson,1-644-770-6329,Stirling,2020-09-15 06:12:32
Tanya,1-154-688-4169,Frankston,2020-10-02 08:56:46
Brock,1-853-751-3722,Harnoncourt,2021-04-03 23:07:01
Victoria,1-963-190-9552,Columbus,2019-10-10 06:38:44
Berk,1-419-932-6471,Scalloway,2021-04-03 16:38:28
Kim,1-733-794-3742,Helena,2020-03-05 07:50:30
Dahlia,1-135-593-2119,Frutillar,2019-10-20 08:01:55
Lucas,1-730-228-0966,Melsele,2021-01-11 00:50:53
Tad,1-116-908-3590,Murmansk,2020-02-23 02:49:23
Ivor,1-160-167-7420,Mezzana,2020-06-05 14:36:35
Nasim,1-876-304-5370,Placilla,2021-01-19 13:53:20
Blake,1-836-370-2492,Stockholm,2021-09-28 01:59:14
Margaret,1-887-481-6962,Saint-Brieuc,2021-03-03 14:11:53
Wilma,1-484-210-0137,Golspie,2020-02-27 07:28:15
Byron,1-576-868-7225,Jedburgh,2021-08-21 18:58:01
Zachery,1-326-502-1259,Asse,2020-05-12 19:09:22
Solomon,1-602-590-6430,Okpoko,2020-02-02 00:23:36
Wallace,1-134-709-7973,Paglieta,2020-05-28 10:58:48
Dacey,1-722-522-9348,Vannes,2020-12-31 01:04:59
Halla,1-202-564-6459,Algarrobo,2021-05-29 21:44:15
Priscilla,1-316-268-5699,Glendale,2021-05-13 22:29:27
Maxwell,1-582-291-1193,Des Moines,2020-04-30 07:43:21
Sopoline,1-209-516-1302,Kansas City,2021-01-12 11:25:46
Orlando,1-448-231-2360,Freital,2020-05-14 12:27:43
Joel,1-633-927-7893,Ferrandina,2020-05-24 14:10:54
Ryder,1-655-481-1787,Tourinne,2020-09-12 22:40:19
Prescott,1-470-513-4333,Cardedu,2021-04-30 18:53:53
Galvin,1-212-948-0819,Corby,2021-09-05 07:36:26
Jamal,1-865-618-2550,Przemyśl,2021-09-25 12:39:38
Ora,1-708-112-0860,São Gonçalo,2020-01-16 20:39:55
Candace,1-354-743-4963,La Matap�dia,2020-05-08 16:10:05
Uta,1-512-841-9074,Bussolengo,2020-05-07 03:53:04
Keane,1-519-252-9657,Yaroslavl,2021-06-08 13:24:21
Barry,1-729-449-5652,Sant'Angelo a Cupolo,2021-07-05 10:11:41
Warren,1-903-107-9540,Sincelejo,2020-08-28 02:02:22
Kirby,1-749-210-9968,Burcht,2021-08-15 04:26:38